#,Time,%Passes,Change,Test,Pass,Partial,Fail,Untested
0,Mon Apr 29 15:08:29 EDT 2024,0,0,A5SpecificStyleSuite, , ,A5ExpectedCalls+ A5ExpectedInterfaces+ A5ExpectedSignatures+ A5SpuriousCalls+ A5TaggedClassesDefined+ ,A5AccessModifiersMatched A5InterfaceAsType A5MnemonicNames A5NamedConstants A5NoCheckstyleWarnings A5PublicMethodsOverride GIPCRMIClientMetaStateBroadcast GIPCRMIClientMetaStateNoBroadcast GIPCRMIOneClientConnection GIPCRMIOneClientReadWriteNonAtomic GIPCRMIServerMetaStateBroadcast GIPCRMIServerMetaStateNoBroadcast GIPCRMIStaticArguments GIPCRMITwoClientConnection GIPCRMITwoClientReadWriteNonAtomic ,
0,Mon Apr 29 15:08:29 EDT 2024,0,0,A5SpecificStyleSuite, , ,A5ExpectedCalls+ A5ExpectedInterfaces+ A5ExpectedSignatures+ A5SpuriousCalls+ A5TaggedClassesDefined+ ,A5AccessModifiersMatched A5InterfaceAsType A5MnemonicNames A5NamedConstants A5NoCheckstyleWarnings A5PublicMethodsOverride GIPCRMIClientMetaStateBroadcast GIPCRMIClientMetaStateNoBroadcast GIPCRMIOneClientConnection GIPCRMIOneClientReadWriteNonAtomic GIPCRMIServerMetaStateBroadcast GIPCRMIServerMetaStateNoBroadcast GIPCRMIStaticArguments GIPCRMITwoClientConnection GIPCRMITwoClientReadWriteNonAtomic ,
1,Mon Apr 29 15:08:39 EDT 2024,0,0,Assignment5OneClientSuite, , ,A5ExpectedCalls A5ExpectedInterfaces A5ExpectedSignatures A5SpuriousCalls A5TaggedClassesDefined GIPCRMIOneClientConnection+ GIPCRMIOneClientReadWriteNonAtomic+ GIPCRMIStaticArguments+ ,A5AccessModifiersMatched A5InterfaceAsType A5MnemonicNames A5NamedConstants A5NoCheckstyleWarnings A5PublicMethodsOverride GIPCRMIClientMetaStateBroadcast GIPCRMIClientMetaStateNoBroadcast GIPCRMIServerMetaStateBroadcast GIPCRMIServerMetaStateNoBroadcast GIPCRMITwoClientConnection GIPCRMITwoClientReadWriteNonAtomic ,
1,Mon Apr 29 15:08:39 EDT 2024,0,0,Assignment5OneClientSuite, , ,A5ExpectedCalls A5ExpectedInterfaces A5ExpectedSignatures A5SpuriousCalls A5TaggedClassesDefined GIPCRMIOneClientConnection+ GIPCRMIOneClientReadWriteNonAtomic+ GIPCRMIStaticArguments+ ,A5AccessModifiersMatched A5InterfaceAsType A5MnemonicNames A5NamedConstants A5NoCheckstyleWarnings A5PublicMethodsOverride GIPCRMIClientMetaStateBroadcast GIPCRMIClientMetaStateNoBroadcast GIPCRMIServerMetaStateBroadcast GIPCRMIServerMetaStateNoBroadcast GIPCRMITwoClientConnection GIPCRMITwoClientReadWriteNonAtomic ,
2,Mon Apr 29 15:15:43 EDT 2024,0,0,Assignment5OneClientSuite, , ,A5ExpectedCalls A5ExpectedInterfaces A5ExpectedSignatures A5SpuriousCalls A5TaggedClassesDefined GIPCRMIOneClientConnection GIPCRMIOneClientReadWriteNonAtomic GIPCRMIStaticArguments ,A5AccessModifiersMatched A5InterfaceAsType A5MnemonicNames A5NamedConstants A5NoCheckstyleWarnings A5PublicMethodsOverride GIPCRMIClientMetaStateBroadcast GIPCRMIClientMetaStateNoBroadcast GIPCRMIServerMetaStateBroadcast GIPCRMIServerMetaStateNoBroadcast GIPCRMITwoClientConnection GIPCRMITwoClientReadWriteNonAtomic ,
2,Mon Apr 29 15:15:43 EDT 2024,0,0,Assignment5OneClientSuite, , ,A5ExpectedCalls A5ExpectedInterfaces A5ExpectedSignatures A5SpuriousCalls A5TaggedClassesDefined GIPCRMIOneClientConnection GIPCRMIOneClientReadWriteNonAtomic GIPCRMIStaticArguments ,A5AccessModifiersMatched A5InterfaceAsType A5MnemonicNames A5NamedConstants A5NoCheckstyleWarnings A5PublicMethodsOverride GIPCRMIClientMetaStateBroadcast GIPCRMIClientMetaStateNoBroadcast GIPCRMIServerMetaStateBroadcast GIPCRMIServerMetaStateNoBroadcast GIPCRMITwoClientConnection GIPCRMITwoClientReadWriteNonAtomic ,
3,Mon Apr 29 15:54:42 EDT 2024,0,0,A5SpecificStyleSuite, , ,A5ExpectedCalls A5ExpectedInterfaces A5ExpectedSignatures A5SpuriousCalls A5TaggedClassesDefined GIPCRMIOneClientConnection GIPCRMIOneClientReadWriteNonAtomic GIPCRMIStaticArguments ,A5AccessModifiersMatched A5InterfaceAsType A5MnemonicNames A5NamedConstants A5NoCheckstyleWarnings A5PublicMethodsOverride GIPCRMIClientMetaStateBroadcast GIPCRMIClientMetaStateNoBroadcast GIPCRMIServerMetaStateBroadcast GIPCRMIServerMetaStateNoBroadcast GIPCRMITwoClientConnection GIPCRMITwoClientReadWriteNonAtomic ,
3,Mon Apr 29 15:54:42 EDT 2024,0,0,A5SpecificStyleSuite, , ,A5ExpectedCalls A5ExpectedInterfaces A5ExpectedSignatures A5SpuriousCalls A5TaggedClassesDefined GIPCRMIOneClientConnection GIPCRMIOneClientReadWriteNonAtomic GIPCRMIStaticArguments ,A5AccessModifiersMatched A5InterfaceAsType A5MnemonicNames A5NamedConstants A5NoCheckstyleWarnings A5PublicMethodsOverride GIPCRMIClientMetaStateBroadcast GIPCRMIClientMetaStateNoBroadcast GIPCRMIServerMetaStateBroadcast GIPCRMIServerMetaStateNoBroadcast GIPCRMITwoClientConnection GIPCRMITwoClientReadWriteNonAtomic ,
4,Mon Apr 29 15:55:00 EDT 2024,0,0,Assignment5OneClientSuite, , ,A5ExpectedCalls A5ExpectedInterfaces A5ExpectedSignatures A5SpuriousCalls A5TaggedClassesDefined GIPCRMIOneClientConnection GIPCRMIOneClientReadWriteNonAtomic GIPCRMIStaticArguments ,A5AccessModifiersMatched A5InterfaceAsType A5MnemonicNames A5NamedConstants A5NoCheckstyleWarnings A5PublicMethodsOverride GIPCRMIClientMetaStateBroadcast GIPCRMIClientMetaStateNoBroadcast GIPCRMIServerMetaStateBroadcast GIPCRMIServerMetaStateNoBroadcast GIPCRMITwoClientConnection GIPCRMITwoClientReadWriteNonAtomic ,
4,Mon Apr 29 15:55:00 EDT 2024,0,0,Assignment5OneClientSuite, , ,A5ExpectedCalls A5ExpectedInterfaces A5ExpectedSignatures A5SpuriousCalls A5TaggedClassesDefined GIPCRMIOneClientConnection GIPCRMIOneClientReadWriteNonAtomic GIPCRMIStaticArguments ,A5AccessModifiersMatched A5InterfaceAsType A5MnemonicNames A5NamedConstants A5NoCheckstyleWarnings A5PublicMethodsOverride GIPCRMIClientMetaStateBroadcast GIPCRMIClientMetaStateNoBroadcast GIPCRMIServerMetaStateBroadcast GIPCRMIServerMetaStateNoBroadcast GIPCRMITwoClientConnection GIPCRMITwoClientReadWriteNonAtomic ,
5,Mon Apr 29 15:55:01 EDT 2024,0,0,Assignment5OneClientSuite, , ,A5ExpectedCalls A5ExpectedInterfaces A5ExpectedSignatures A5SpuriousCalls A5TaggedClassesDefined GIPCRMIOneClientConnection GIPCRMIOneClientReadWriteNonAtomic GIPCRMIStaticArguments ,A5AccessModifiersMatched A5InterfaceAsType A5MnemonicNames A5NamedConstants A5NoCheckstyleWarnings A5PublicMethodsOverride GIPCRMIClientMetaStateBroadcast GIPCRMIClientMetaStateNoBroadcast GIPCRMIServerMetaStateBroadcast GIPCRMIServerMetaStateNoBroadcast GIPCRMITwoClientConnection GIPCRMITwoClientReadWriteNonAtomic ,
5,Mon Apr 29 15:55:01 EDT 2024,0,0,Assignment5OneClientSuite, , ,A5ExpectedCalls A5ExpectedInterfaces A5ExpectedSignatures A5SpuriousCalls A5TaggedClassesDefined GIPCRMIOneClientConnection GIPCRMIOneClientReadWriteNonAtomic GIPCRMIStaticArguments ,A5AccessModifiersMatched A5InterfaceAsType A5MnemonicNames A5NamedConstants A5NoCheckstyleWarnings A5PublicMethodsOverride GIPCRMIClientMetaStateBroadcast GIPCRMIClientMetaStateNoBroadcast GIPCRMIServerMetaStateBroadcast GIPCRMIServerMetaStateNoBroadcast GIPCRMITwoClientConnection GIPCRMITwoClientReadWriteNonAtomic ,
6,Mon Apr 29 15:55:21 EDT 2024,0,0,Assignment5TwoClientSuite, , ,A5ExpectedCalls A5ExpectedInterfaces A5ExpectedSignatures A5SpuriousCalls A5TaggedClassesDefined GIPCRMIClientMetaStateBroadcast+ GIPCRMIClientMetaStateNoBroadcast+ GIPCRMIOneClientConnection GIPCRMIOneClientReadWriteNonAtomic GIPCRMIServerMetaStateBroadcast+ GIPCRMIServerMetaStateNoBroadcast+ GIPCRMIStaticArguments GIPCRMITwoClientConnection+ GIPCRMITwoClientReadWriteNonAtomic+ ,A5AccessModifiersMatched A5InterfaceAsType A5MnemonicNames A5NamedConstants A5NoCheckstyleWarnings A5PublicMethodsOverride ,
6,Mon Apr 29 15:55:21 EDT 2024,0,0,Assignment5TwoClientSuite, , ,A5ExpectedCalls A5ExpectedInterfaces A5ExpectedSignatures A5SpuriousCalls A5TaggedClassesDefined GIPCRMIClientMetaStateBroadcast+ GIPCRMIClientMetaStateNoBroadcast+ GIPCRMIOneClientConnection GIPCRMIOneClientReadWriteNonAtomic GIPCRMIServerMetaStateBroadcast+ GIPCRMIServerMetaStateNoBroadcast+ GIPCRMIStaticArguments GIPCRMITwoClientConnection+ GIPCRMITwoClientReadWriteNonAtomic+ ,A5AccessModifiersMatched A5InterfaceAsType A5MnemonicNames A5NamedConstants A5NoCheckstyleWarnings A5PublicMethodsOverride ,
7,Mon Apr 29 15:55:21 EDT 2024,0,0,GIPCRMIServerMetaStateBroadcast, , ,A5ExpectedCalls A5ExpectedInterfaces A5ExpectedSignatures A5SpuriousCalls A5TaggedClassesDefined GIPCRMIClientMetaStateBroadcast GIPCRMIClientMetaStateNoBroadcast GIPCRMIOneClientConnection GIPCRMIOneClientReadWriteNonAtomic GIPCRMIServerMetaStateBroadcast GIPCRMIServerMetaStateNoBroadcast GIPCRMIStaticArguments GIPCRMITwoClientConnection GIPCRMITwoClientReadWriteNonAtomic ,A5AccessModifiersMatched A5InterfaceAsType A5MnemonicNames A5NamedConstants A5NoCheckstyleWarnings A5PublicMethodsOverride ,
7,Mon Apr 29 15:55:21 EDT 2024,0,0,GIPCRMIServerMetaStateBroadcast, , ,A5ExpectedCalls A5ExpectedInterfaces A5ExpectedSignatures A5SpuriousCalls A5TaggedClassesDefined GIPCRMIClientMetaStateBroadcast GIPCRMIClientMetaStateNoBroadcast GIPCRMIOneClientConnection GIPCRMIOneClientReadWriteNonAtomic GIPCRMIServerMetaStateBroadcast GIPCRMIServerMetaStateNoBroadcast GIPCRMIStaticArguments GIPCRMITwoClientConnection GIPCRMITwoClientReadWriteNonAtomic ,A5AccessModifiersMatched A5InterfaceAsType A5MnemonicNames A5NamedConstants A5NoCheckstyleWarnings A5PublicMethodsOverride ,
8,Mon Apr 29 15:55:25 EDT 2024,0,0,A5GeneralStyleSuite, , ,A5AccessModifiersMatched+ A5ExpectedCalls A5ExpectedInterfaces A5ExpectedSignatures A5InterfaceAsType+ A5MnemonicNames+ A5NamedConstants+ A5NoCheckstyleWarnings+ A5PublicMethodsOverride+ A5SpuriousCalls A5TaggedClassesDefined GIPCRMIClientMetaStateBroadcast GIPCRMIClientMetaStateNoBroadcast GIPCRMIOneClientConnection GIPCRMIOneClientReadWriteNonAtomic GIPCRMIServerMetaStateBroadcast GIPCRMIServerMetaStateNoBroadcast GIPCRMIStaticArguments GIPCRMITwoClientConnection GIPCRMITwoClientReadWriteNonAtomic , ,
8,Mon Apr 29 15:55:25 EDT 2024,0,0,A5GeneralStyleSuite, , ,A5AccessModifiersMatched+ A5ExpectedCalls A5ExpectedInterfaces A5ExpectedSignatures A5InterfaceAsType+ A5MnemonicNames+ A5NamedConstants+ A5NoCheckstyleWarnings+ A5PublicMethodsOverride+ A5SpuriousCalls A5TaggedClassesDefined GIPCRMIClientMetaStateBroadcast GIPCRMIClientMetaStateNoBroadcast GIPCRMIOneClientConnection GIPCRMIOneClientReadWriteNonAtomic GIPCRMIServerMetaStateBroadcast GIPCRMIServerMetaStateNoBroadcast GIPCRMIStaticArguments GIPCRMITwoClientConnection GIPCRMITwoClientReadWriteNonAtomic , ,
9,Mon Apr 29 15:55:46 EDT 2024,0,0,Assignment5OneClientSuite, , ,A5AccessModifiersMatched A5ExpectedCalls A5ExpectedInterfaces A5ExpectedSignatures A5InterfaceAsType A5MnemonicNames A5NamedConstants A5NoCheckstyleWarnings A5PublicMethodsOverride A5SpuriousCalls A5TaggedClassesDefined GIPCRMIClientMetaStateBroadcast GIPCRMIClientMetaStateNoBroadcast GIPCRMIOneClientConnection GIPCRMIOneClientReadWriteNonAtomic GIPCRMIServerMetaStateBroadcast GIPCRMIServerMetaStateNoBroadcast GIPCRMIStaticArguments GIPCRMITwoClientConnection GIPCRMITwoClientReadWriteNonAtomic , ,
9,Mon Apr 29 15:55:46 EDT 2024,0,0,Assignment5OneClientSuite, , ,A5AccessModifiersMatched A5ExpectedCalls A5ExpectedInterfaces A5ExpectedSignatures A5InterfaceAsType A5MnemonicNames A5NamedConstants A5NoCheckstyleWarnings A5PublicMethodsOverride A5SpuriousCalls A5TaggedClassesDefined GIPCRMIClientMetaStateBroadcast GIPCRMIClientMetaStateNoBroadcast GIPCRMIOneClientConnection GIPCRMIOneClientReadWriteNonAtomic GIPCRMIServerMetaStateBroadcast GIPCRMIServerMetaStateNoBroadcast GIPCRMIStaticArguments GIPCRMITwoClientConnection GIPCRMITwoClientReadWriteNonAtomic , ,
10,Mon Apr 29 15:56:04 EDT 2024,5,5,A5SpecificStyleSuite,A5TaggedClassesDefined+ , ,A5AccessModifiersMatched A5ExpectedCalls A5ExpectedInterfaces A5ExpectedSignatures A5InterfaceAsType A5MnemonicNames A5NamedConstants A5NoCheckstyleWarnings A5PublicMethodsOverride A5SpuriousCalls GIPCRMIClientMetaStateBroadcast GIPCRMIClientMetaStateNoBroadcast GIPCRMIOneClientConnection GIPCRMIOneClientReadWriteNonAtomic GIPCRMIServerMetaStateBroadcast GIPCRMIServerMetaStateNoBroadcast GIPCRMIStaticArguments GIPCRMITwoClientConnection GIPCRMITwoClientReadWriteNonAtomic , ,
10,Mon Apr 29 15:56:04 EDT 2024,5,5,A5SpecificStyleSuite,A5TaggedClassesDefined+ , ,A5AccessModifiersMatched A5ExpectedCalls A5ExpectedInterfaces A5ExpectedSignatures A5InterfaceAsType A5MnemonicNames A5NamedConstants A5NoCheckstyleWarnings A5PublicMethodsOverride A5SpuriousCalls GIPCRMIClientMetaStateBroadcast GIPCRMIClientMetaStateNoBroadcast GIPCRMIOneClientConnection GIPCRMIOneClientReadWriteNonAtomic GIPCRMIServerMetaStateBroadcast GIPCRMIServerMetaStateNoBroadcast GIPCRMIStaticArguments GIPCRMITwoClientConnection GIPCRMITwoClientReadWriteNonAtomic , ,
11,Mon Apr 29 15:56:14 EDT 2024,5,0,A5SpecificStyleSuite,A5TaggedClassesDefined , ,A5AccessModifiersMatched A5ExpectedCalls A5ExpectedInterfaces A5ExpectedSignatures A5InterfaceAsType A5MnemonicNames A5NamedConstants A5NoCheckstyleWarnings A5PublicMethodsOverride A5SpuriousCalls GIPCRMIClientMetaStateBroadcast GIPCRMIClientMetaStateNoBroadcast GIPCRMIOneClientConnection GIPCRMIOneClientReadWriteNonAtomic GIPCRMIServerMetaStateBroadcast GIPCRMIServerMetaStateNoBroadcast GIPCRMIStaticArguments GIPCRMITwoClientConnection GIPCRMITwoClientReadWriteNonAtomic , ,
11,Mon Apr 29 15:56:14 EDT 2024,5,0,A5SpecificStyleSuite,A5TaggedClassesDefined , ,A5AccessModifiersMatched A5ExpectedCalls A5ExpectedInterfaces A5ExpectedSignatures A5InterfaceAsType A5MnemonicNames A5NamedConstants A5NoCheckstyleWarnings A5PublicMethodsOverride A5SpuriousCalls GIPCRMIClientMetaStateBroadcast GIPCRMIClientMetaStateNoBroadcast GIPCRMIOneClientConnection GIPCRMIOneClientReadWriteNonAtomic GIPCRMIServerMetaStateBroadcast GIPCRMIServerMetaStateNoBroadcast GIPCRMIStaticArguments GIPCRMITwoClientConnection GIPCRMITwoClientReadWriteNonAtomic , ,
12,Mon Apr 29 15:56:25 EDT 2024,5,0,Assignment5OneClientSuite,A5TaggedClassesDefined , ,A5AccessModifiersMatched A5ExpectedCalls A5ExpectedInterfaces A5ExpectedSignatures A5InterfaceAsType A5MnemonicNames A5NamedConstants A5NoCheckstyleWarnings A5PublicMethodsOverride A5SpuriousCalls GIPCRMIClientMetaStateBroadcast GIPCRMIClientMetaStateNoBroadcast GIPCRMIOneClientConnection GIPCRMIOneClientReadWriteNonAtomic GIPCRMIServerMetaStateBroadcast GIPCRMIServerMetaStateNoBroadcast GIPCRMIStaticArguments GIPCRMITwoClientConnection GIPCRMITwoClientReadWriteNonAtomic , ,
12,Mon Apr 29 15:56:25 EDT 2024,5,0,Assignment5OneClientSuite,A5TaggedClassesDefined , ,A5AccessModifiersMatched A5ExpectedCalls A5ExpectedInterfaces A5ExpectedSignatures A5InterfaceAsType A5MnemonicNames A5NamedConstants A5NoCheckstyleWarnings A5PublicMethodsOverride A5SpuriousCalls GIPCRMIClientMetaStateBroadcast GIPCRMIClientMetaStateNoBroadcast GIPCRMIOneClientConnection GIPCRMIOneClientReadWriteNonAtomic GIPCRMIServerMetaStateBroadcast GIPCRMIServerMetaStateNoBroadcast GIPCRMIStaticArguments GIPCRMITwoClientConnection GIPCRMITwoClientReadWriteNonAtomic , ,
13,Mon Apr 29 15:59:03 EDT 2024,5,0,A5SpecificStyleSuite,A5TaggedClassesDefined , ,A5AccessModifiersMatched A5ExpectedCalls A5ExpectedInterfaces A5ExpectedSignatures A5InterfaceAsType A5MnemonicNames A5NamedConstants A5NoCheckstyleWarnings A5PublicMethodsOverride A5SpuriousCalls GIPCRMIClientMetaStateBroadcast GIPCRMIClientMetaStateNoBroadcast GIPCRMIOneClientConnection GIPCRMIOneClientReadWriteNonAtomic GIPCRMIServerMetaStateBroadcast GIPCRMIServerMetaStateNoBroadcast GIPCRMIStaticArguments GIPCRMITwoClientConnection GIPCRMITwoClientReadWriteNonAtomic , ,
13,Mon Apr 29 15:59:03 EDT 2024,5,0,A5SpecificStyleSuite,A5TaggedClassesDefined , ,A5AccessModifiersMatched A5ExpectedCalls A5ExpectedInterfaces A5ExpectedSignatures A5InterfaceAsType A5MnemonicNames A5NamedConstants A5NoCheckstyleWarnings A5PublicMethodsOverride A5SpuriousCalls GIPCRMIClientMetaStateBroadcast GIPCRMIClientMetaStateNoBroadcast GIPCRMIOneClientConnection GIPCRMIOneClientReadWriteNonAtomic GIPCRMIServerMetaStateBroadcast GIPCRMIServerMetaStateNoBroadcast GIPCRMIStaticArguments GIPCRMITwoClientConnection GIPCRMITwoClientReadWriteNonAtomic , ,
14,Mon Apr 29 15:59:15 EDT 2024,5,0,Assignment5OneClientSuite,A5TaggedClassesDefined , ,A5AccessModifiersMatched A5ExpectedCalls A5ExpectedInterfaces A5ExpectedSignatures A5InterfaceAsType A5MnemonicNames A5NamedConstants A5NoCheckstyleWarnings A5PublicMethodsOverride A5SpuriousCalls GIPCRMIClientMetaStateBroadcast GIPCRMIClientMetaStateNoBroadcast GIPCRMIOneClientConnection GIPCRMIOneClientReadWriteNonAtomic GIPCRMIServerMetaStateBroadcast GIPCRMIServerMetaStateNoBroadcast GIPCRMIStaticArguments GIPCRMITwoClientConnection GIPCRMITwoClientReadWriteNonAtomic , ,
14,Mon Apr 29 15:59:15 EDT 2024,5,0,Assignment5OneClientSuite,A5TaggedClassesDefined , ,A5AccessModifiersMatched A5ExpectedCalls A5ExpectedInterfaces A5ExpectedSignatures A5InterfaceAsType A5MnemonicNames A5NamedConstants A5NoCheckstyleWarnings A5PublicMethodsOverride A5SpuriousCalls GIPCRMIClientMetaStateBroadcast GIPCRMIClientMetaStateNoBroadcast GIPCRMIOneClientConnection GIPCRMIOneClientReadWriteNonAtomic GIPCRMIServerMetaStateBroadcast GIPCRMIServerMetaStateNoBroadcast GIPCRMIStaticArguments GIPCRMITwoClientConnection GIPCRMITwoClientReadWriteNonAtomic , ,
15,Mon Apr 29 16:04:47 EDT 2024,5,0,A5SpecificStyleSuite,A5TaggedClassesDefined , ,A5AccessModifiersMatched A5ExpectedCalls A5ExpectedInterfaces A5ExpectedSignatures A5InterfaceAsType A5MnemonicNames A5NamedConstants A5NoCheckstyleWarnings A5PublicMethodsOverride A5SpuriousCalls GIPCRMIClientMetaStateBroadcast GIPCRMIClientMetaStateNoBroadcast GIPCRMIOneClientConnection GIPCRMIOneClientReadWriteNonAtomic GIPCRMIServerMetaStateBroadcast GIPCRMIServerMetaStateNoBroadcast GIPCRMIStaticArguments GIPCRMITwoClientConnection GIPCRMITwoClientReadWriteNonAtomic , ,
15,Mon Apr 29 16:04:47 EDT 2024,5,0,A5SpecificStyleSuite,A5TaggedClassesDefined , ,A5AccessModifiersMatched A5ExpectedCalls A5ExpectedInterfaces A5ExpectedSignatures A5InterfaceAsType A5MnemonicNames A5NamedConstants A5NoCheckstyleWarnings A5PublicMethodsOverride A5SpuriousCalls GIPCRMIClientMetaStateBroadcast GIPCRMIClientMetaStateNoBroadcast GIPCRMIOneClientConnection GIPCRMIOneClientReadWriteNonAtomic GIPCRMIServerMetaStateBroadcast GIPCRMIServerMetaStateNoBroadcast GIPCRMIStaticArguments GIPCRMITwoClientConnection GIPCRMITwoClientReadWriteNonAtomic , ,
16,Mon Apr 29 16:04:49 EDT 2024,5,0,A5SpecificStyleSuite,A5TaggedClassesDefined , ,A5AccessModifiersMatched A5ExpectedCalls A5ExpectedInterfaces A5ExpectedSignatures A5InterfaceAsType A5MnemonicNames A5NamedConstants A5NoCheckstyleWarnings A5PublicMethodsOverride A5SpuriousCalls GIPCRMIClientMetaStateBroadcast GIPCRMIClientMetaStateNoBroadcast GIPCRMIOneClientConnection GIPCRMIOneClientReadWriteNonAtomic GIPCRMIServerMetaStateBroadcast GIPCRMIServerMetaStateNoBroadcast GIPCRMIStaticArguments GIPCRMITwoClientConnection GIPCRMITwoClientReadWriteNonAtomic , ,
16,Mon Apr 29 16:04:49 EDT 2024,5,0,A5SpecificStyleSuite,A5TaggedClassesDefined , ,A5AccessModifiersMatched A5ExpectedCalls A5ExpectedInterfaces A5ExpectedSignatures A5InterfaceAsType A5MnemonicNames A5NamedConstants A5NoCheckstyleWarnings A5PublicMethodsOverride A5SpuriousCalls GIPCRMIClientMetaStateBroadcast GIPCRMIClientMetaStateNoBroadcast GIPCRMIOneClientConnection GIPCRMIOneClientReadWriteNonAtomic GIPCRMIServerMetaStateBroadcast GIPCRMIServerMetaStateNoBroadcast GIPCRMIStaticArguments GIPCRMITwoClientConnection GIPCRMITwoClientReadWriteNonAtomic , ,
17,Mon Apr 29 16:04:57 EDT 2024,5,0,A5ExpectedSignatures,A5TaggedClassesDefined , ,A5AccessModifiersMatched A5ExpectedCalls A5ExpectedInterfaces A5ExpectedSignatures A5InterfaceAsType A5MnemonicNames A5NamedConstants A5NoCheckstyleWarnings A5PublicMethodsOverride A5SpuriousCalls GIPCRMIClientMetaStateBroadcast GIPCRMIClientMetaStateNoBroadcast GIPCRMIOneClientConnection GIPCRMIOneClientReadWriteNonAtomic GIPCRMIServerMetaStateBroadcast GIPCRMIServerMetaStateNoBroadcast GIPCRMIStaticArguments GIPCRMITwoClientConnection GIPCRMITwoClientReadWriteNonAtomic , ,
17,Mon Apr 29 16:04:57 EDT 2024,5,0,A5ExpectedSignatures,A5TaggedClassesDefined , ,A5AccessModifiersMatched A5ExpectedCalls A5ExpectedInterfaces A5ExpectedSignatures A5InterfaceAsType A5MnemonicNames A5NamedConstants A5NoCheckstyleWarnings A5PublicMethodsOverride A5SpuriousCalls GIPCRMIClientMetaStateBroadcast GIPCRMIClientMetaStateNoBroadcast GIPCRMIOneClientConnection GIPCRMIOneClientReadWriteNonAtomic GIPCRMIServerMetaStateBroadcast GIPCRMIServerMetaStateNoBroadcast GIPCRMIStaticArguments GIPCRMITwoClientConnection GIPCRMITwoClientReadWriteNonAtomic , ,
18,Mon Apr 29 16:05:10 EDT 2024,5,0,Assignment5OneClientSuite,A5TaggedClassesDefined , ,A5AccessModifiersMatched A5ExpectedCalls A5ExpectedInterfaces A5ExpectedSignatures A5InterfaceAsType A5MnemonicNames A5NamedConstants A5NoCheckstyleWarnings A5PublicMethodsOverride A5SpuriousCalls GIPCRMIClientMetaStateBroadcast GIPCRMIClientMetaStateNoBroadcast GIPCRMIOneClientConnection GIPCRMIOneClientReadWriteNonAtomic GIPCRMIServerMetaStateBroadcast GIPCRMIServerMetaStateNoBroadcast GIPCRMIStaticArguments GIPCRMITwoClientConnection GIPCRMITwoClientReadWriteNonAtomic , ,
18,Mon Apr 29 16:05:10 EDT 2024,5,0,Assignment5OneClientSuite,A5TaggedClassesDefined , ,A5AccessModifiersMatched A5ExpectedCalls A5ExpectedInterfaces A5ExpectedSignatures A5InterfaceAsType A5MnemonicNames A5NamedConstants A5NoCheckstyleWarnings A5PublicMethodsOverride A5SpuriousCalls GIPCRMIClientMetaStateBroadcast GIPCRMIClientMetaStateNoBroadcast GIPCRMIOneClientConnection GIPCRMIOneClientReadWriteNonAtomic GIPCRMIServerMetaStateBroadcast GIPCRMIServerMetaStateNoBroadcast GIPCRMIStaticArguments GIPCRMITwoClientConnection GIPCRMITwoClientReadWriteNonAtomic , ,
19,Mon Apr 29 16:28:51 EDT 2024,5,0,A5SpecificStyleSuite,A5TaggedClassesDefined , ,A5AccessModifiersMatched A5ExpectedCalls A5ExpectedInterfaces A5ExpectedSignatures A5InterfaceAsType A5MnemonicNames A5NamedConstants A5NoCheckstyleWarnings A5PublicMethodsOverride A5SpuriousCalls GIPCRMIClientMetaStateBroadcast GIPCRMIClientMetaStateNoBroadcast GIPCRMIOneClientConnection GIPCRMIOneClientReadWriteNonAtomic GIPCRMIServerMetaStateBroadcast GIPCRMIServerMetaStateNoBroadcast GIPCRMIStaticArguments GIPCRMITwoClientConnection GIPCRMITwoClientReadWriteNonAtomic , ,
19,Mon Apr 29 16:28:51 EDT 2024,5,0,A5SpecificStyleSuite,A5TaggedClassesDefined , ,A5AccessModifiersMatched A5ExpectedCalls A5ExpectedInterfaces A5ExpectedSignatures A5InterfaceAsType A5MnemonicNames A5NamedConstants A5NoCheckstyleWarnings A5PublicMethodsOverride A5SpuriousCalls GIPCRMIClientMetaStateBroadcast GIPCRMIClientMetaStateNoBroadcast GIPCRMIOneClientConnection GIPCRMIOneClientReadWriteNonAtomic GIPCRMIServerMetaStateBroadcast GIPCRMIServerMetaStateNoBroadcast GIPCRMIStaticArguments GIPCRMITwoClientConnection GIPCRMITwoClientReadWriteNonAtomic , ,
20,Mon Apr 29 16:29:03 EDT 2024,5,0,Assignment5OneClientSuite,A5TaggedClassesDefined , ,A5AccessModifiersMatched A5ExpectedCalls A5ExpectedInterfaces A5ExpectedSignatures A5InterfaceAsType A5MnemonicNames A5NamedConstants A5NoCheckstyleWarnings A5PublicMethodsOverride A5SpuriousCalls GIPCRMIClientMetaStateBroadcast GIPCRMIClientMetaStateNoBroadcast GIPCRMIOneClientConnection GIPCRMIOneClientReadWriteNonAtomic GIPCRMIServerMetaStateBroadcast GIPCRMIServerMetaStateNoBroadcast GIPCRMIStaticArguments GIPCRMITwoClientConnection GIPCRMITwoClientReadWriteNonAtomic , ,
20,Mon Apr 29 16:29:03 EDT 2024,5,0,Assignment5OneClientSuite,A5TaggedClassesDefined , ,A5AccessModifiersMatched A5ExpectedCalls A5ExpectedInterfaces A5ExpectedSignatures A5InterfaceAsType A5MnemonicNames A5NamedConstants A5NoCheckstyleWarnings A5PublicMethodsOverride A5SpuriousCalls GIPCRMIClientMetaStateBroadcast GIPCRMIClientMetaStateNoBroadcast GIPCRMIOneClientConnection GIPCRMIOneClientReadWriteNonAtomic GIPCRMIServerMetaStateBroadcast GIPCRMIServerMetaStateNoBroadcast GIPCRMIStaticArguments GIPCRMITwoClientConnection GIPCRMITwoClientReadWriteNonAtomic , ,
21,Mon Apr 29 16:30:29 EDT 2024,5,0,Assignment5OneClientSuite,A5TaggedClassesDefined , ,A5AccessModifiersMatched A5ExpectedCalls A5ExpectedInterfaces A5ExpectedSignatures A5InterfaceAsType A5MnemonicNames A5NamedConstants A5NoCheckstyleWarnings A5PublicMethodsOverride A5SpuriousCalls GIPCRMIClientMetaStateBroadcast GIPCRMIClientMetaStateNoBroadcast GIPCRMIOneClientConnection GIPCRMIOneClientReadWriteNonAtomic GIPCRMIServerMetaStateBroadcast GIPCRMIServerMetaStateNoBroadcast GIPCRMIStaticArguments GIPCRMITwoClientConnection GIPCRMITwoClientReadWriteNonAtomic , ,
21,Mon Apr 29 16:30:29 EDT 2024,5,0,Assignment5OneClientSuite,A5TaggedClassesDefined , ,A5AccessModifiersMatched A5ExpectedCalls A5ExpectedInterfaces A5ExpectedSignatures A5InterfaceAsType A5MnemonicNames A5NamedConstants A5NoCheckstyleWarnings A5PublicMethodsOverride A5SpuriousCalls GIPCRMIClientMetaStateBroadcast GIPCRMIClientMetaStateNoBroadcast GIPCRMIOneClientConnection GIPCRMIOneClientReadWriteNonAtomic GIPCRMIServerMetaStateBroadcast GIPCRMIServerMetaStateNoBroadcast GIPCRMIStaticArguments GIPCRMITwoClientConnection GIPCRMITwoClientReadWriteNonAtomic , ,
22,Mon Apr 29 16:31:23 EDT 2024,5,0,Assignment5OneClientSuite,A5TaggedClassesDefined , ,A5AccessModifiersMatched A5ExpectedCalls A5ExpectedInterfaces A5ExpectedSignatures A5InterfaceAsType A5MnemonicNames A5NamedConstants A5NoCheckstyleWarnings A5PublicMethodsOverride A5SpuriousCalls GIPCRMIClientMetaStateBroadcast GIPCRMIClientMetaStateNoBroadcast GIPCRMIOneClientConnection GIPCRMIOneClientReadWriteNonAtomic GIPCRMIServerMetaStateBroadcast GIPCRMIServerMetaStateNoBroadcast GIPCRMIStaticArguments GIPCRMITwoClientConnection GIPCRMITwoClientReadWriteNonAtomic , ,
22,Mon Apr 29 16:31:23 EDT 2024,5,0,Assignment5OneClientSuite,A5TaggedClassesDefined , ,A5AccessModifiersMatched A5ExpectedCalls A5ExpectedInterfaces A5ExpectedSignatures A5InterfaceAsType A5MnemonicNames A5NamedConstants A5NoCheckstyleWarnings A5PublicMethodsOverride A5SpuriousCalls GIPCRMIClientMetaStateBroadcast GIPCRMIClientMetaStateNoBroadcast GIPCRMIOneClientConnection GIPCRMIOneClientReadWriteNonAtomic GIPCRMIServerMetaStateBroadcast GIPCRMIServerMetaStateNoBroadcast GIPCRMIStaticArguments GIPCRMITwoClientConnection GIPCRMITwoClientReadWriteNonAtomic , ,
23,Mon Apr 29 16:46:47 EDT 2024,5,0,A5SpecificStyleSuite,A5TaggedClassesDefined , ,A5AccessModifiersMatched A5ExpectedCalls A5ExpectedInterfaces A5ExpectedSignatures A5InterfaceAsType A5MnemonicNames A5NamedConstants A5NoCheckstyleWarnings A5PublicMethodsOverride A5SpuriousCalls GIPCRMIClientMetaStateBroadcast GIPCRMIClientMetaStateNoBroadcast GIPCRMIOneClientConnection GIPCRMIOneClientReadWriteNonAtomic GIPCRMIServerMetaStateBroadcast GIPCRMIServerMetaStateNoBroadcast GIPCRMIStaticArguments GIPCRMITwoClientConnection GIPCRMITwoClientReadWriteNonAtomic , ,
23,Mon Apr 29 16:46:47 EDT 2024,5,0,A5SpecificStyleSuite,A5TaggedClassesDefined , ,A5AccessModifiersMatched A5ExpectedCalls A5ExpectedInterfaces A5ExpectedSignatures A5InterfaceAsType A5MnemonicNames A5NamedConstants A5NoCheckstyleWarnings A5PublicMethodsOverride A5SpuriousCalls GIPCRMIClientMetaStateBroadcast GIPCRMIClientMetaStateNoBroadcast GIPCRMIOneClientConnection GIPCRMIOneClientReadWriteNonAtomic GIPCRMIServerMetaStateBroadcast GIPCRMIServerMetaStateNoBroadcast GIPCRMIStaticArguments GIPCRMITwoClientConnection GIPCRMITwoClientReadWriteNonAtomic , ,
24,Mon Apr 29 16:49:11 EDT 2024,5,0,Assignment5OneClientSuite,A5TaggedClassesDefined ,GIPCRMIStaticArguments+ ,A5AccessModifiersMatched A5ExpectedCalls A5ExpectedInterfaces A5ExpectedSignatures A5InterfaceAsType A5MnemonicNames A5NamedConstants A5NoCheckstyleWarnings A5PublicMethodsOverride A5SpuriousCalls GIPCRMIClientMetaStateBroadcast GIPCRMIClientMetaStateNoBroadcast GIPCRMIOneClientConnection GIPCRMIOneClientReadWriteNonAtomic GIPCRMIServerMetaStateBroadcast GIPCRMIServerMetaStateNoBroadcast GIPCRMITwoClientConnection GIPCRMITwoClientReadWriteNonAtomic , ,
24,Mon Apr 29 16:49:11 EDT 2024,5,0,Assignment5OneClientSuite,A5TaggedClassesDefined ,GIPCRMIStaticArguments+ ,A5AccessModifiersMatched A5ExpectedCalls A5ExpectedInterfaces A5ExpectedSignatures A5InterfaceAsType A5MnemonicNames A5NamedConstants A5NoCheckstyleWarnings A5PublicMethodsOverride A5SpuriousCalls GIPCRMIClientMetaStateBroadcast GIPCRMIClientMetaStateNoBroadcast GIPCRMIOneClientConnection GIPCRMIOneClientReadWriteNonAtomic GIPCRMIServerMetaStateBroadcast GIPCRMIServerMetaStateNoBroadcast GIPCRMITwoClientConnection GIPCRMITwoClientReadWriteNonAtomic , ,
25,Mon Apr 29 16:49:18 EDT 2024,5,0,Assignment5OneClientSuite,A5TaggedClassesDefined ,GIPCRMIStaticArguments ,A5AccessModifiersMatched A5ExpectedCalls A5ExpectedInterfaces A5ExpectedSignatures A5InterfaceAsType A5MnemonicNames A5NamedConstants A5NoCheckstyleWarnings A5PublicMethodsOverride A5SpuriousCalls GIPCRMIClientMetaStateBroadcast GIPCRMIClientMetaStateNoBroadcast GIPCRMIOneClientConnection GIPCRMIOneClientReadWriteNonAtomic GIPCRMIServerMetaStateBroadcast GIPCRMIServerMetaStateNoBroadcast GIPCRMITwoClientConnection GIPCRMITwoClientReadWriteNonAtomic , ,
25,Mon Apr 29 16:49:18 EDT 2024,5,0,Assignment5OneClientSuite,A5TaggedClassesDefined ,GIPCRMIStaticArguments ,A5AccessModifiersMatched A5ExpectedCalls A5ExpectedInterfaces A5ExpectedSignatures A5InterfaceAsType A5MnemonicNames A5NamedConstants A5NoCheckstyleWarnings A5PublicMethodsOverride A5SpuriousCalls GIPCRMIClientMetaStateBroadcast GIPCRMIClientMetaStateNoBroadcast GIPCRMIOneClientConnection GIPCRMIOneClientReadWriteNonAtomic GIPCRMIServerMetaStateBroadcast GIPCRMIServerMetaStateNoBroadcast GIPCRMITwoClientConnection GIPCRMITwoClientReadWriteNonAtomic , ,
26,Mon Apr 29 17:00:48 EDT 2024,5,0,Assignment5TwoClientSuite,A5TaggedClassesDefined ,GIPCRMIStaticArguments ,A5AccessModifiersMatched A5ExpectedCalls A5ExpectedInterfaces A5ExpectedSignatures A5InterfaceAsType A5MnemonicNames A5NamedConstants A5NoCheckstyleWarnings A5PublicMethodsOverride A5SpuriousCalls GIPCRMIClientMetaStateBroadcast GIPCRMIClientMetaStateNoBroadcast GIPCRMIOneClientConnection GIPCRMIOneClientReadWriteNonAtomic GIPCRMIServerMetaStateBroadcast GIPCRMIServerMetaStateNoBroadcast GIPCRMITwoClientConnection GIPCRMITwoClientReadWriteNonAtomic , ,
26,Mon Apr 29 17:00:48 EDT 2024,5,0,Assignment5TwoClientSuite,A5TaggedClassesDefined ,GIPCRMIStaticArguments ,A5AccessModifiersMatched A5ExpectedCalls A5ExpectedInterfaces A5ExpectedSignatures A5InterfaceAsType A5MnemonicNames A5NamedConstants A5NoCheckstyleWarnings A5PublicMethodsOverride A5SpuriousCalls GIPCRMIClientMetaStateBroadcast GIPCRMIClientMetaStateNoBroadcast GIPCRMIOneClientConnection GIPCRMIOneClientReadWriteNonAtomic GIPCRMIServerMetaStateBroadcast GIPCRMIServerMetaStateNoBroadcast GIPCRMITwoClientConnection GIPCRMITwoClientReadWriteNonAtomic , ,
27,Mon Apr 29 18:04:45 EDT 2024,5,0,Assignment5OneClientSuite,A5TaggedClassesDefined ,GIPCRMIStaticArguments ,A5AccessModifiersMatched A5ExpectedCalls A5ExpectedInterfaces A5ExpectedSignatures A5InterfaceAsType A5MnemonicNames A5NamedConstants A5NoCheckstyleWarnings A5PublicMethodsOverride A5SpuriousCalls GIPCRMIClientMetaStateBroadcast GIPCRMIClientMetaStateNoBroadcast GIPCRMIOneClientConnection GIPCRMIOneClientReadWriteNonAtomic GIPCRMIServerMetaStateBroadcast GIPCRMIServerMetaStateNoBroadcast GIPCRMITwoClientConnection GIPCRMITwoClientReadWriteNonAtomic , ,
27,Mon Apr 29 18:04:45 EDT 2024,5,0,Assignment5OneClientSuite,A5TaggedClassesDefined ,GIPCRMIStaticArguments ,A5AccessModifiersMatched A5ExpectedCalls A5ExpectedInterfaces A5ExpectedSignatures A5InterfaceAsType A5MnemonicNames A5NamedConstants A5NoCheckstyleWarnings A5PublicMethodsOverride A5SpuriousCalls GIPCRMIClientMetaStateBroadcast GIPCRMIClientMetaStateNoBroadcast GIPCRMIOneClientConnection GIPCRMIOneClientReadWriteNonAtomic GIPCRMIServerMetaStateBroadcast GIPCRMIServerMetaStateNoBroadcast GIPCRMITwoClientConnection GIPCRMITwoClientReadWriteNonAtomic , ,
28,Mon Apr 29 18:19:46 EDT 2024,10,5,Assignment5OneClientSuite,A5TaggedClassesDefined GIPCRMIOneClientConnection+ ,GIPCRMIOneClientReadWriteNonAtomic+ GIPCRMIStaticArguments ,A5AccessModifiersMatched A5ExpectedCalls A5ExpectedInterfaces A5ExpectedSignatures A5InterfaceAsType A5MnemonicNames A5NamedConstants A5NoCheckstyleWarnings A5PublicMethodsOverride A5SpuriousCalls GIPCRMIClientMetaStateBroadcast GIPCRMIClientMetaStateNoBroadcast GIPCRMIServerMetaStateBroadcast GIPCRMIServerMetaStateNoBroadcast GIPCRMITwoClientConnection GIPCRMITwoClientReadWriteNonAtomic , ,
28,Mon Apr 29 18:19:46 EDT 2024,10,5,Assignment5OneClientSuite,A5TaggedClassesDefined GIPCRMIOneClientConnection+ ,GIPCRMIOneClientReadWriteNonAtomic+ GIPCRMIStaticArguments ,A5AccessModifiersMatched A5ExpectedCalls A5ExpectedInterfaces A5ExpectedSignatures A5InterfaceAsType A5MnemonicNames A5NamedConstants A5NoCheckstyleWarnings A5PublicMethodsOverride A5SpuriousCalls GIPCRMIClientMetaStateBroadcast GIPCRMIClientMetaStateNoBroadcast GIPCRMIServerMetaStateBroadcast GIPCRMIServerMetaStateNoBroadcast GIPCRMITwoClientConnection GIPCRMITwoClientReadWriteNonAtomic , ,
29,Mon Apr 29 18:31:55 EDT 2024,15,5,Assignment5TwoClientSuite,A5TaggedClassesDefined GIPCRMIOneClientConnection GIPCRMITwoClientConnection+ ,GIPCRMIOneClientReadWriteNonAtomic GIPCRMIStaticArguments GIPCRMITwoClientReadWriteNonAtomic+ ,A5AccessModifiersMatched A5ExpectedCalls A5ExpectedInterfaces A5ExpectedSignatures A5InterfaceAsType A5MnemonicNames A5NamedConstants A5NoCheckstyleWarnings A5PublicMethodsOverride A5SpuriousCalls GIPCRMIClientMetaStateBroadcast GIPCRMIClientMetaStateNoBroadcast GIPCRMIServerMetaStateBroadcast GIPCRMIServerMetaStateNoBroadcast , ,
29,Mon Apr 29 18:31:55 EDT 2024,15,5,Assignment5TwoClientSuite,A5TaggedClassesDefined GIPCRMIOneClientConnection GIPCRMITwoClientConnection+ ,GIPCRMIOneClientReadWriteNonAtomic GIPCRMIStaticArguments GIPCRMITwoClientReadWriteNonAtomic+ ,A5AccessModifiersMatched A5ExpectedCalls A5ExpectedInterfaces A5ExpectedSignatures A5InterfaceAsType A5MnemonicNames A5NamedConstants A5NoCheckstyleWarnings A5PublicMethodsOverride A5SpuriousCalls GIPCRMIClientMetaStateBroadcast GIPCRMIClientMetaStateNoBroadcast GIPCRMIServerMetaStateBroadcast GIPCRMIServerMetaStateNoBroadcast , ,
30,Mon Apr 29 18:33:19 EDT 2024,15,0,Assignment5TwoClientSuite,A5TaggedClassesDefined GIPCRMIOneClientConnection GIPCRMITwoClientConnection ,GIPCRMIOneClientReadWriteNonAtomic GIPCRMIStaticArguments GIPCRMITwoClientReadWriteNonAtomic ,A5AccessModifiersMatched A5ExpectedCalls A5ExpectedInterfaces A5ExpectedSignatures A5InterfaceAsType A5MnemonicNames A5NamedConstants A5NoCheckstyleWarnings A5PublicMethodsOverride A5SpuriousCalls GIPCRMIClientMetaStateBroadcast GIPCRMIClientMetaStateNoBroadcast GIPCRMIServerMetaStateBroadcast GIPCRMIServerMetaStateNoBroadcast , ,
30,Mon Apr 29 18:33:19 EDT 2024,15,0,Assignment5TwoClientSuite,A5TaggedClassesDefined GIPCRMIOneClientConnection GIPCRMITwoClientConnection ,GIPCRMIOneClientReadWriteNonAtomic GIPCRMIStaticArguments GIPCRMITwoClientReadWriteNonAtomic ,A5AccessModifiersMatched A5ExpectedCalls A5ExpectedInterfaces A5ExpectedSignatures A5InterfaceAsType A5MnemonicNames A5NamedConstants A5NoCheckstyleWarnings A5PublicMethodsOverride A5SpuriousCalls GIPCRMIClientMetaStateBroadcast GIPCRMIClientMetaStateNoBroadcast GIPCRMIServerMetaStateBroadcast GIPCRMIServerMetaStateNoBroadcast , ,
31,Mon Apr 29 18:33:21 EDT 2024,15,0,Assignment5TwoClientSuite,A5TaggedClassesDefined GIPCRMIOneClientConnection GIPCRMITwoClientConnection ,GIPCRMIOneClientReadWriteNonAtomic GIPCRMIStaticArguments GIPCRMITwoClientReadWriteNonAtomic ,A5AccessModifiersMatched A5ExpectedCalls A5ExpectedInterfaces A5ExpectedSignatures A5InterfaceAsType A5MnemonicNames A5NamedConstants A5NoCheckstyleWarnings A5PublicMethodsOverride A5SpuriousCalls GIPCRMIClientMetaStateBroadcast GIPCRMIClientMetaStateNoBroadcast GIPCRMIServerMetaStateBroadcast GIPCRMIServerMetaStateNoBroadcast , ,
31,Mon Apr 29 18:33:21 EDT 2024,15,0,Assignment5TwoClientSuite,A5TaggedClassesDefined GIPCRMIOneClientConnection GIPCRMITwoClientConnection ,GIPCRMIOneClientReadWriteNonAtomic GIPCRMIStaticArguments GIPCRMITwoClientReadWriteNonAtomic ,A5AccessModifiersMatched A5ExpectedCalls A5ExpectedInterfaces A5ExpectedSignatures A5InterfaceAsType A5MnemonicNames A5NamedConstants A5NoCheckstyleWarnings A5PublicMethodsOverride A5SpuriousCalls GIPCRMIClientMetaStateBroadcast GIPCRMIClientMetaStateNoBroadcast GIPCRMIServerMetaStateBroadcast GIPCRMIServerMetaStateNoBroadcast , ,
32,Tue Apr 30 01:41:28 EDT 2024,10,-5,Assignment5OneClientSuite,A5TaggedClassesDefined GIPCRMITwoClientConnection ,GIPCRMIStaticArguments GIPCRMITwoClientReadWriteNonAtomic ,A5AccessModifiersMatched A5ExpectedCalls A5ExpectedInterfaces A5ExpectedSignatures A5InterfaceAsType A5MnemonicNames A5NamedConstants A5NoCheckstyleWarnings A5PublicMethodsOverride A5SpuriousCalls GIPCRMIClientMetaStateBroadcast GIPCRMIClientMetaStateNoBroadcast GIPCRMIOneClientConnection- GIPCRMIOneClientReadWriteNonAtomic- GIPCRMIServerMetaStateBroadcast GIPCRMIServerMetaStateNoBroadcast , ,
32,Tue Apr 30 01:41:28 EDT 2024,10,-5,Assignment5OneClientSuite,A5TaggedClassesDefined GIPCRMITwoClientConnection ,GIPCRMIStaticArguments GIPCRMITwoClientReadWriteNonAtomic ,A5AccessModifiersMatched A5ExpectedCalls A5ExpectedInterfaces A5ExpectedSignatures A5InterfaceAsType A5MnemonicNames A5NamedConstants A5NoCheckstyleWarnings A5PublicMethodsOverride A5SpuriousCalls GIPCRMIClientMetaStateBroadcast GIPCRMIClientMetaStateNoBroadcast GIPCRMIOneClientConnection- GIPCRMIOneClientReadWriteNonAtomic- GIPCRMIServerMetaStateBroadcast GIPCRMIServerMetaStateNoBroadcast , ,
33,Tue Apr 30 01:44:51 EDT 2024,10,0,Assignment5OneClientSuite,A5TaggedClassesDefined GIPCRMITwoClientConnection ,GIPCRMIStaticArguments GIPCRMITwoClientReadWriteNonAtomic ,A5AccessModifiersMatched A5ExpectedCalls A5ExpectedInterfaces A5ExpectedSignatures A5InterfaceAsType A5MnemonicNames A5NamedConstants A5NoCheckstyleWarnings A5PublicMethodsOverride A5SpuriousCalls GIPCRMIClientMetaStateBroadcast GIPCRMIClientMetaStateNoBroadcast GIPCRMIOneClientConnection GIPCRMIOneClientReadWriteNonAtomic GIPCRMIServerMetaStateBroadcast GIPCRMIServerMetaStateNoBroadcast , ,
33,Tue Apr 30 01:44:51 EDT 2024,10,0,Assignment5OneClientSuite,A5TaggedClassesDefined GIPCRMITwoClientConnection ,GIPCRMIStaticArguments GIPCRMITwoClientReadWriteNonAtomic ,A5AccessModifiersMatched A5ExpectedCalls A5ExpectedInterfaces A5ExpectedSignatures A5InterfaceAsType A5MnemonicNames A5NamedConstants A5NoCheckstyleWarnings A5PublicMethodsOverride A5SpuriousCalls GIPCRMIClientMetaStateBroadcast GIPCRMIClientMetaStateNoBroadcast GIPCRMIOneClientConnection GIPCRMIOneClientReadWriteNonAtomic GIPCRMIServerMetaStateBroadcast GIPCRMIServerMetaStateNoBroadcast , ,
34,Tue Apr 30 01:53:58 EDT 2024,10,0,Assignment5OneClientSuite,A5TaggedClassesDefined GIPCRMITwoClientConnection ,GIPCRMIStaticArguments GIPCRMITwoClientReadWriteNonAtomic ,A5AccessModifiersMatched A5ExpectedCalls A5ExpectedInterfaces A5ExpectedSignatures A5InterfaceAsType A5MnemonicNames A5NamedConstants A5NoCheckstyleWarnings A5PublicMethodsOverride A5SpuriousCalls GIPCRMIClientMetaStateBroadcast GIPCRMIClientMetaStateNoBroadcast GIPCRMIOneClientConnection GIPCRMIOneClientReadWriteNonAtomic GIPCRMIServerMetaStateBroadcast GIPCRMIServerMetaStateNoBroadcast , ,
34,Tue Apr 30 01:53:58 EDT 2024,10,0,Assignment5OneClientSuite,A5TaggedClassesDefined GIPCRMITwoClientConnection ,GIPCRMIStaticArguments GIPCRMITwoClientReadWriteNonAtomic ,A5AccessModifiersMatched A5ExpectedCalls A5ExpectedInterfaces A5ExpectedSignatures A5InterfaceAsType A5MnemonicNames A5NamedConstants A5NoCheckstyleWarnings A5PublicMethodsOverride A5SpuriousCalls GIPCRMIClientMetaStateBroadcast GIPCRMIClientMetaStateNoBroadcast GIPCRMIOneClientConnection GIPCRMIOneClientReadWriteNonAtomic GIPCRMIServerMetaStateBroadcast GIPCRMIServerMetaStateNoBroadcast , ,
35,Tue Apr 30 02:02:43 EDT 2024,20,10,Assignment5OneClientSuite,A5TaggedClassesDefined GIPCRMIOneClientConnection+ GIPCRMIOneClientReadWriteNonAtomic+ GIPCRMITwoClientConnection ,GIPCRMIStaticArguments GIPCRMITwoClientReadWriteNonAtomic ,A5AccessModifiersMatched A5ExpectedCalls A5ExpectedInterfaces A5ExpectedSignatures A5InterfaceAsType A5MnemonicNames A5NamedConstants A5NoCheckstyleWarnings A5PublicMethodsOverride A5SpuriousCalls GIPCRMIClientMetaStateBroadcast GIPCRMIClientMetaStateNoBroadcast GIPCRMIServerMetaStateBroadcast GIPCRMIServerMetaStateNoBroadcast , ,
35,Tue Apr 30 02:02:43 EDT 2024,20,10,Assignment5OneClientSuite,A5TaggedClassesDefined GIPCRMIOneClientConnection+ GIPCRMIOneClientReadWriteNonAtomic+ GIPCRMITwoClientConnection ,GIPCRMIStaticArguments GIPCRMITwoClientReadWriteNonAtomic ,A5AccessModifiersMatched A5ExpectedCalls A5ExpectedInterfaces A5ExpectedSignatures A5InterfaceAsType A5MnemonicNames A5NamedConstants A5NoCheckstyleWarnings A5PublicMethodsOverride A5SpuriousCalls GIPCRMIClientMetaStateBroadcast GIPCRMIClientMetaStateNoBroadcast GIPCRMIServerMetaStateBroadcast GIPCRMIServerMetaStateNoBroadcast , ,
36,Tue Apr 30 02:07:49 EDT 2024,45,25,Assignment5TwoClientSuite,A5TaggedClassesDefined GIPCRMIClientMetaStateBroadcast+ GIPCRMIClientMetaStateNoBroadcast+ GIPCRMIOneClientConnection GIPCRMIOneClientReadWriteNonAtomic GIPCRMIServerMetaStateBroadcast+ GIPCRMIServerMetaStateNoBroadcast+ GIPCRMITwoClientConnection GIPCRMITwoClientReadWriteNonAtomic+ ,GIPCRMIStaticArguments ,A5AccessModifiersMatched A5ExpectedCalls A5ExpectedInterfaces A5ExpectedSignatures A5InterfaceAsType A5MnemonicNames A5NamedConstants A5NoCheckstyleWarnings A5PublicMethodsOverride A5SpuriousCalls , ,
36,Tue Apr 30 02:07:49 EDT 2024,45,25,Assignment5TwoClientSuite,A5TaggedClassesDefined GIPCRMIClientMetaStateBroadcast+ GIPCRMIClientMetaStateNoBroadcast+ GIPCRMIOneClientConnection GIPCRMIOneClientReadWriteNonAtomic GIPCRMIServerMetaStateBroadcast+ GIPCRMIServerMetaStateNoBroadcast+ GIPCRMITwoClientConnection GIPCRMITwoClientReadWriteNonAtomic+ ,GIPCRMIStaticArguments ,A5AccessModifiersMatched A5ExpectedCalls A5ExpectedInterfaces A5ExpectedSignatures A5InterfaceAsType A5MnemonicNames A5NamedConstants A5NoCheckstyleWarnings A5PublicMethodsOverride A5SpuriousCalls , ,
37,Tue Apr 30 02:09:24 EDT 2024,45,0,A5SpecificStyleSuite,A5TaggedClassesDefined GIPCRMIClientMetaStateBroadcast GIPCRMIClientMetaStateNoBroadcast GIPCRMIOneClientConnection GIPCRMIOneClientReadWriteNonAtomic GIPCRMIServerMetaStateBroadcast GIPCRMIServerMetaStateNoBroadcast GIPCRMITwoClientConnection GIPCRMITwoClientReadWriteNonAtomic ,GIPCRMIStaticArguments ,A5AccessModifiersMatched A5ExpectedCalls A5ExpectedInterfaces A5ExpectedSignatures A5InterfaceAsType A5MnemonicNames A5NamedConstants A5NoCheckstyleWarnings A5PublicMethodsOverride A5SpuriousCalls , ,
37,Tue Apr 30 02:09:24 EDT 2024,45,0,A5SpecificStyleSuite,A5TaggedClassesDefined GIPCRMIClientMetaStateBroadcast GIPCRMIClientMetaStateNoBroadcast GIPCRMIOneClientConnection GIPCRMIOneClientReadWriteNonAtomic GIPCRMIServerMetaStateBroadcast GIPCRMIServerMetaStateNoBroadcast GIPCRMITwoClientConnection GIPCRMITwoClientReadWriteNonAtomic ,GIPCRMIStaticArguments ,A5AccessModifiersMatched A5ExpectedCalls A5ExpectedInterfaces A5ExpectedSignatures A5InterfaceAsType A5MnemonicNames A5NamedConstants A5NoCheckstyleWarnings A5PublicMethodsOverride A5SpuriousCalls , ,
38,Tue Apr 30 02:09:27 EDT 2024,45,0,A5SpecificStyleSuite,A5TaggedClassesDefined GIPCRMIClientMetaStateBroadcast GIPCRMIClientMetaStateNoBroadcast GIPCRMIOneClientConnection GIPCRMIOneClientReadWriteNonAtomic GIPCRMIServerMetaStateBroadcast GIPCRMIServerMetaStateNoBroadcast GIPCRMITwoClientConnection GIPCRMITwoClientReadWriteNonAtomic ,GIPCRMIStaticArguments ,A5AccessModifiersMatched A5ExpectedCalls A5ExpectedInterfaces A5ExpectedSignatures A5InterfaceAsType A5MnemonicNames A5NamedConstants A5NoCheckstyleWarnings A5PublicMethodsOverride A5SpuriousCalls , ,
38,Tue Apr 30 02:09:27 EDT 2024,45,0,A5SpecificStyleSuite,A5TaggedClassesDefined GIPCRMIClientMetaStateBroadcast GIPCRMIClientMetaStateNoBroadcast GIPCRMIOneClientConnection GIPCRMIOneClientReadWriteNonAtomic GIPCRMIServerMetaStateBroadcast GIPCRMIServerMetaStateNoBroadcast GIPCRMITwoClientConnection GIPCRMITwoClientReadWriteNonAtomic ,GIPCRMIStaticArguments ,A5AccessModifiersMatched A5ExpectedCalls A5ExpectedInterfaces A5ExpectedSignatures A5InterfaceAsType A5MnemonicNames A5NamedConstants A5NoCheckstyleWarnings A5PublicMethodsOverride A5SpuriousCalls , ,
39,Tue Apr 30 02:09:28 EDT 2024,50,5,A5GeneralStyleSuite,A5NoCheckstyleWarnings+ A5TaggedClassesDefined GIPCRMIClientMetaStateBroadcast GIPCRMIClientMetaStateNoBroadcast GIPCRMIOneClientConnection GIPCRMIOneClientReadWriteNonAtomic GIPCRMIServerMetaStateBroadcast GIPCRMIServerMetaStateNoBroadcast GIPCRMITwoClientConnection GIPCRMITwoClientReadWriteNonAtomic ,GIPCRMIStaticArguments ,A5AccessModifiersMatched A5ExpectedCalls A5ExpectedInterfaces A5ExpectedSignatures A5InterfaceAsType A5MnemonicNames A5NamedConstants A5PublicMethodsOverride A5SpuriousCalls , ,
39,Tue Apr 30 02:09:28 EDT 2024,50,5,A5GeneralStyleSuite,A5NoCheckstyleWarnings+ A5TaggedClassesDefined GIPCRMIClientMetaStateBroadcast GIPCRMIClientMetaStateNoBroadcast GIPCRMIOneClientConnection GIPCRMIOneClientReadWriteNonAtomic GIPCRMIServerMetaStateBroadcast GIPCRMIServerMetaStateNoBroadcast GIPCRMITwoClientConnection GIPCRMITwoClientReadWriteNonAtomic ,GIPCRMIStaticArguments ,A5AccessModifiersMatched A5ExpectedCalls A5ExpectedInterfaces A5ExpectedSignatures A5InterfaceAsType A5MnemonicNames A5NamedConstants A5PublicMethodsOverride A5SpuriousCalls , ,
40,Tue Apr 30 02:15:31 EDT 2024,50,0,A5TaggedClassesDefined,A5NoCheckstyleWarnings A5TaggedClassesDefined GIPCRMIClientMetaStateBroadcast GIPCRMIClientMetaStateNoBroadcast GIPCRMIOneClientConnection GIPCRMIOneClientReadWriteNonAtomic GIPCRMIServerMetaStateBroadcast GIPCRMIServerMetaStateNoBroadcast GIPCRMITwoClientConnection GIPCRMITwoClientReadWriteNonAtomic ,GIPCRMIStaticArguments ,A5AccessModifiersMatched A5ExpectedCalls A5ExpectedInterfaces A5ExpectedSignatures A5InterfaceAsType A5MnemonicNames A5NamedConstants A5PublicMethodsOverride A5SpuriousCalls , ,
40,Tue Apr 30 02:15:31 EDT 2024,50,0,A5TaggedClassesDefined,A5NoCheckstyleWarnings A5TaggedClassesDefined GIPCRMIClientMetaStateBroadcast GIPCRMIClientMetaStateNoBroadcast GIPCRMIOneClientConnection GIPCRMIOneClientReadWriteNonAtomic GIPCRMIServerMetaStateBroadcast GIPCRMIServerMetaStateNoBroadcast GIPCRMITwoClientConnection GIPCRMITwoClientReadWriteNonAtomic ,GIPCRMIStaticArguments ,A5AccessModifiersMatched A5ExpectedCalls A5ExpectedInterfaces A5ExpectedSignatures A5InterfaceAsType A5MnemonicNames A5NamedConstants A5PublicMethodsOverride A5SpuriousCalls , ,
41,Tue Apr 30 02:17:35 EDT 2024,50,0,A5SpecificStyleSuite,A5NoCheckstyleWarnings A5TaggedClassesDefined GIPCRMIClientMetaStateBroadcast GIPCRMIClientMetaStateNoBroadcast GIPCRMIOneClientConnection GIPCRMIOneClientReadWriteNonAtomic GIPCRMIServerMetaStateBroadcast GIPCRMIServerMetaStateNoBroadcast GIPCRMITwoClientConnection GIPCRMITwoClientReadWriteNonAtomic ,GIPCRMIStaticArguments ,A5AccessModifiersMatched A5ExpectedCalls A5ExpectedInterfaces A5ExpectedSignatures A5InterfaceAsType A5MnemonicNames A5NamedConstants A5PublicMethodsOverride A5SpuriousCalls , ,
41,Tue Apr 30 02:17:35 EDT 2024,50,0,A5SpecificStyleSuite,A5NoCheckstyleWarnings A5TaggedClassesDefined GIPCRMIClientMetaStateBroadcast GIPCRMIClientMetaStateNoBroadcast GIPCRMIOneClientConnection GIPCRMIOneClientReadWriteNonAtomic GIPCRMIServerMetaStateBroadcast GIPCRMIServerMetaStateNoBroadcast GIPCRMITwoClientConnection GIPCRMITwoClientReadWriteNonAtomic ,GIPCRMIStaticArguments ,A5AccessModifiersMatched A5ExpectedCalls A5ExpectedInterfaces A5ExpectedSignatures A5InterfaceAsType A5MnemonicNames A5NamedConstants A5PublicMethodsOverride A5SpuriousCalls , ,
42,Tue Apr 30 02:19:52 EDT 2024,55,5,A5SpecificStyleSuite,A5ExpectedInterfaces+ A5NoCheckstyleWarnings A5SpuriousCalls+ GIPCRMIClientMetaStateBroadcast GIPCRMIClientMetaStateNoBroadcast GIPCRMIOneClientConnection GIPCRMIOneClientReadWriteNonAtomic GIPCRMIServerMetaStateBroadcast GIPCRMIServerMetaStateNoBroadcast GIPCRMITwoClientConnection GIPCRMITwoClientReadWriteNonAtomic ,A5ExpectedCalls+ A5ExpectedSignatures+ A5TaggedClassesDefined- GIPCRMIStaticArguments ,A5AccessModifiersMatched A5InterfaceAsType A5MnemonicNames A5NamedConstants A5PublicMethodsOverride , ,
42,Tue Apr 30 02:19:52 EDT 2024,55,5,A5SpecificStyleSuite,A5ExpectedInterfaces+ A5NoCheckstyleWarnings A5SpuriousCalls+ GIPCRMIClientMetaStateBroadcast GIPCRMIClientMetaStateNoBroadcast GIPCRMIOneClientConnection GIPCRMIOneClientReadWriteNonAtomic GIPCRMIServerMetaStateBroadcast GIPCRMIServerMetaStateNoBroadcast GIPCRMITwoClientConnection GIPCRMITwoClientReadWriteNonAtomic ,A5ExpectedCalls+ A5ExpectedSignatures+ A5TaggedClassesDefined- GIPCRMIStaticArguments ,A5AccessModifiersMatched A5InterfaceAsType A5MnemonicNames A5NamedConstants A5PublicMethodsOverride , ,
43,Tue Apr 30 02:19:56 EDT 2024,50,-5,A5GeneralStyleSuite,A5ExpectedInterfaces A5SpuriousCalls GIPCRMIClientMetaStateBroadcast GIPCRMIClientMetaStateNoBroadcast GIPCRMIOneClientConnection GIPCRMIOneClientReadWriteNonAtomic GIPCRMIServerMetaStateBroadcast GIPCRMIServerMetaStateNoBroadcast GIPCRMITwoClientConnection GIPCRMITwoClientReadWriteNonAtomic ,A5AccessModifiersMatched+ A5ExpectedCalls A5ExpectedSignatures A5InterfaceAsType+ A5MnemonicNames+ A5NamedConstants+ A5PublicMethodsOverride+ A5TaggedClassesDefined GIPCRMIStaticArguments ,A5NoCheckstyleWarnings- , ,
43,Tue Apr 30 02:19:56 EDT 2024,50,-5,A5GeneralStyleSuite,A5ExpectedInterfaces A5SpuriousCalls GIPCRMIClientMetaStateBroadcast GIPCRMIClientMetaStateNoBroadcast GIPCRMIOneClientConnection GIPCRMIOneClientReadWriteNonAtomic GIPCRMIServerMetaStateBroadcast GIPCRMIServerMetaStateNoBroadcast GIPCRMITwoClientConnection GIPCRMITwoClientReadWriteNonAtomic ,A5AccessModifiersMatched+ A5ExpectedCalls A5ExpectedSignatures A5InterfaceAsType+ A5MnemonicNames+ A5NamedConstants+ A5PublicMethodsOverride+ A5TaggedClassesDefined GIPCRMIStaticArguments ,A5NoCheckstyleWarnings- , ,
44,Tue Apr 30 02:21:03 EDT 2024,50,0,Assignment5OneClientSuite,A5ExpectedInterfaces A5SpuriousCalls GIPCRMIClientMetaStateBroadcast GIPCRMIClientMetaStateNoBroadcast GIPCRMIOneClientConnection GIPCRMIOneClientReadWriteNonAtomic GIPCRMIServerMetaStateBroadcast GIPCRMIServerMetaStateNoBroadcast GIPCRMITwoClientConnection GIPCRMITwoClientReadWriteNonAtomic ,A5AccessModifiersMatched A5ExpectedCalls A5ExpectedSignatures A5InterfaceAsType A5MnemonicNames A5NamedConstants A5PublicMethodsOverride A5TaggedClassesDefined GIPCRMIStaticArguments ,A5NoCheckstyleWarnings , ,
44,Tue Apr 30 02:21:03 EDT 2024,50,0,Assignment5OneClientSuite,A5ExpectedInterfaces A5SpuriousCalls GIPCRMIClientMetaStateBroadcast GIPCRMIClientMetaStateNoBroadcast GIPCRMIOneClientConnection GIPCRMIOneClientReadWriteNonAtomic GIPCRMIServerMetaStateBroadcast GIPCRMIServerMetaStateNoBroadcast GIPCRMITwoClientConnection GIPCRMITwoClientReadWriteNonAtomic ,A5AccessModifiersMatched A5ExpectedCalls A5ExpectedSignatures A5InterfaceAsType A5MnemonicNames A5NamedConstants A5PublicMethodsOverride A5TaggedClassesDefined GIPCRMIStaticArguments ,A5NoCheckstyleWarnings , ,
45,Tue Apr 30 02:21:03 EDT 2024,50,0,A5GeneralStyleSuite,A5ExpectedInterfaces A5SpuriousCalls GIPCRMIClientMetaStateBroadcast GIPCRMIClientMetaStateNoBroadcast GIPCRMIOneClientConnection GIPCRMIOneClientReadWriteNonAtomic GIPCRMIServerMetaStateBroadcast GIPCRMIServerMetaStateNoBroadcast GIPCRMITwoClientConnection GIPCRMITwoClientReadWriteNonAtomic ,A5AccessModifiersMatched A5ExpectedCalls A5ExpectedSignatures A5InterfaceAsType A5MnemonicNames A5NamedConstants A5PublicMethodsOverride A5TaggedClassesDefined GIPCRMIStaticArguments ,A5NoCheckstyleWarnings , ,
45,Tue Apr 30 02:21:03 EDT 2024,50,0,A5GeneralStyleSuite,A5ExpectedInterfaces A5SpuriousCalls GIPCRMIClientMetaStateBroadcast GIPCRMIClientMetaStateNoBroadcast GIPCRMIOneClientConnection GIPCRMIOneClientReadWriteNonAtomic GIPCRMIServerMetaStateBroadcast GIPCRMIServerMetaStateNoBroadcast GIPCRMITwoClientConnection GIPCRMITwoClientReadWriteNonAtomic ,A5AccessModifiersMatched A5ExpectedCalls A5ExpectedSignatures A5InterfaceAsType A5MnemonicNames A5NamedConstants A5PublicMethodsOverride A5TaggedClassesDefined GIPCRMIStaticArguments ,A5NoCheckstyleWarnings , ,
46,Tue Apr 30 02:27:37 EDT 2024,50,0,A5SpecificStyleSuite,A5ExpectedInterfaces A5SpuriousCalls GIPCRMIClientMetaStateBroadcast GIPCRMIClientMetaStateNoBroadcast GIPCRMIOneClientConnection GIPCRMIOneClientReadWriteNonAtomic GIPCRMIServerMetaStateBroadcast GIPCRMIServerMetaStateNoBroadcast GIPCRMITwoClientConnection GIPCRMITwoClientReadWriteNonAtomic ,A5AccessModifiersMatched A5ExpectedCalls A5ExpectedSignatures A5InterfaceAsType A5MnemonicNames A5NamedConstants A5PublicMethodsOverride A5TaggedClassesDefined GIPCRMIStaticArguments ,A5NoCheckstyleWarnings , ,
46,Tue Apr 30 02:27:37 EDT 2024,50,0,A5SpecificStyleSuite,A5ExpectedInterfaces A5SpuriousCalls GIPCRMIClientMetaStateBroadcast GIPCRMIClientMetaStateNoBroadcast GIPCRMIOneClientConnection GIPCRMIOneClientReadWriteNonAtomic GIPCRMIServerMetaStateBroadcast GIPCRMIServerMetaStateNoBroadcast GIPCRMITwoClientConnection GIPCRMITwoClientReadWriteNonAtomic ,A5AccessModifiersMatched A5ExpectedCalls A5ExpectedSignatures A5InterfaceAsType A5MnemonicNames A5NamedConstants A5PublicMethodsOverride A5TaggedClassesDefined GIPCRMIStaticArguments ,A5NoCheckstyleWarnings , ,
47,Tue Apr 30 02:30:09 EDT 2024,50,0,A5SpecificStyleSuite,A5ExpectedInterfaces A5SpuriousCalls GIPCRMIClientMetaStateBroadcast GIPCRMIClientMetaStateNoBroadcast GIPCRMIOneClientConnection GIPCRMIOneClientReadWriteNonAtomic GIPCRMIServerMetaStateBroadcast GIPCRMIServerMetaStateNoBroadcast GIPCRMITwoClientConnection GIPCRMITwoClientReadWriteNonAtomic ,A5AccessModifiersMatched A5ExpectedCalls A5ExpectedSignatures A5InterfaceAsType A5MnemonicNames A5NamedConstants A5PublicMethodsOverride A5TaggedClassesDefined GIPCRMIStaticArguments ,A5NoCheckstyleWarnings , ,
47,Tue Apr 30 02:30:09 EDT 2024,50,0,A5SpecificStyleSuite,A5ExpectedInterfaces A5SpuriousCalls GIPCRMIClientMetaStateBroadcast GIPCRMIClientMetaStateNoBroadcast GIPCRMIOneClientConnection GIPCRMIOneClientReadWriteNonAtomic GIPCRMIServerMetaStateBroadcast GIPCRMIServerMetaStateNoBroadcast GIPCRMITwoClientConnection GIPCRMITwoClientReadWriteNonAtomic ,A5AccessModifiersMatched A5ExpectedCalls A5ExpectedSignatures A5InterfaceAsType A5MnemonicNames A5NamedConstants A5PublicMethodsOverride A5TaggedClassesDefined GIPCRMIStaticArguments ,A5NoCheckstyleWarnings , ,
48,Tue Apr 30 02:30:57 EDT 2024,50,0,A5SpecificStyleSuite,A5ExpectedInterfaces A5SpuriousCalls GIPCRMIClientMetaStateBroadcast GIPCRMIClientMetaStateNoBroadcast GIPCRMIOneClientConnection GIPCRMIOneClientReadWriteNonAtomic GIPCRMIServerMetaStateBroadcast GIPCRMIServerMetaStateNoBroadcast GIPCRMITwoClientConnection GIPCRMITwoClientReadWriteNonAtomic ,A5AccessModifiersMatched A5ExpectedCalls A5ExpectedSignatures A5InterfaceAsType A5MnemonicNames A5NamedConstants A5PublicMethodsOverride A5TaggedClassesDefined GIPCRMIStaticArguments ,A5NoCheckstyleWarnings , ,
48,Tue Apr 30 02:30:57 EDT 2024,50,0,A5SpecificStyleSuite,A5ExpectedInterfaces A5SpuriousCalls GIPCRMIClientMetaStateBroadcast GIPCRMIClientMetaStateNoBroadcast GIPCRMIOneClientConnection GIPCRMIOneClientReadWriteNonAtomic GIPCRMIServerMetaStateBroadcast GIPCRMIServerMetaStateNoBroadcast GIPCRMITwoClientConnection GIPCRMITwoClientReadWriteNonAtomic ,A5AccessModifiersMatched A5ExpectedCalls A5ExpectedSignatures A5InterfaceAsType A5MnemonicNames A5NamedConstants A5PublicMethodsOverride A5TaggedClassesDefined GIPCRMIStaticArguments ,A5NoCheckstyleWarnings , ,
49,Tue Apr 30 02:38:02 EDT 2024,50,0,A5GeneralStyleSuite,A5ExpectedInterfaces A5SpuriousCalls GIPCRMIClientMetaStateBroadcast GIPCRMIClientMetaStateNoBroadcast GIPCRMIOneClientConnection GIPCRMIOneClientReadWriteNonAtomic GIPCRMIServerMetaStateBroadcast GIPCRMIServerMetaStateNoBroadcast GIPCRMITwoClientConnection GIPCRMITwoClientReadWriteNonAtomic ,A5AccessModifiersMatched A5ExpectedCalls A5ExpectedSignatures A5InterfaceAsType A5MnemonicNames A5NamedConstants A5PublicMethodsOverride A5TaggedClassesDefined GIPCRMIStaticArguments ,A5NoCheckstyleWarnings , ,
49,Tue Apr 30 02:38:02 EDT 2024,50,0,A5GeneralStyleSuite,A5ExpectedInterfaces A5SpuriousCalls GIPCRMIClientMetaStateBroadcast GIPCRMIClientMetaStateNoBroadcast GIPCRMIOneClientConnection GIPCRMIOneClientReadWriteNonAtomic GIPCRMIServerMetaStateBroadcast GIPCRMIServerMetaStateNoBroadcast GIPCRMITwoClientConnection GIPCRMITwoClientReadWriteNonAtomic ,A5AccessModifiersMatched A5ExpectedCalls A5ExpectedSignatures A5InterfaceAsType A5MnemonicNames A5NamedConstants A5PublicMethodsOverride A5TaggedClassesDefined GIPCRMIStaticArguments ,A5NoCheckstyleWarnings , ,
50,Tue Apr 30 02:39:24 EDT 2024,50,0,Assignment5OneClientSuite,A5ExpectedInterfaces A5SpuriousCalls GIPCRMIClientMetaStateBroadcast GIPCRMIClientMetaStateNoBroadcast GIPCRMIOneClientConnection GIPCRMIOneClientReadWriteNonAtomic GIPCRMIServerMetaStateBroadcast GIPCRMIServerMetaStateNoBroadcast GIPCRMITwoClientConnection GIPCRMITwoClientReadWriteNonAtomic ,A5AccessModifiersMatched A5ExpectedCalls A5ExpectedSignatures A5InterfaceAsType A5MnemonicNames A5NamedConstants A5PublicMethodsOverride A5TaggedClassesDefined GIPCRMIStaticArguments ,A5NoCheckstyleWarnings , ,
50,Tue Apr 30 02:39:24 EDT 2024,50,0,Assignment5OneClientSuite,A5ExpectedInterfaces A5SpuriousCalls GIPCRMIClientMetaStateBroadcast GIPCRMIClientMetaStateNoBroadcast GIPCRMIOneClientConnection GIPCRMIOneClientReadWriteNonAtomic GIPCRMIServerMetaStateBroadcast GIPCRMIServerMetaStateNoBroadcast GIPCRMITwoClientConnection GIPCRMITwoClientReadWriteNonAtomic ,A5AccessModifiersMatched A5ExpectedCalls A5ExpectedSignatures A5InterfaceAsType A5MnemonicNames A5NamedConstants A5PublicMethodsOverride A5TaggedClassesDefined GIPCRMIStaticArguments ,A5NoCheckstyleWarnings , ,
51,Tue Apr 30 02:50:30 EDT 2024,55,5,A5SpecificStyleSuite,A5ExpectedCalls+ A5ExpectedInterfaces A5SpuriousCalls GIPCRMIClientMetaStateBroadcast GIPCRMIClientMetaStateNoBroadcast GIPCRMIOneClientConnection GIPCRMIOneClientReadWriteNonAtomic GIPCRMIServerMetaStateBroadcast GIPCRMIServerMetaStateNoBroadcast GIPCRMITwoClientConnection GIPCRMITwoClientReadWriteNonAtomic ,A5AccessModifiersMatched A5ExpectedSignatures A5InterfaceAsType A5MnemonicNames A5NamedConstants A5PublicMethodsOverride A5TaggedClassesDefined GIPCRMIStaticArguments ,A5NoCheckstyleWarnings , ,
51,Tue Apr 30 02:50:30 EDT 2024,55,5,A5SpecificStyleSuite,A5ExpectedCalls+ A5ExpectedInterfaces A5SpuriousCalls GIPCRMIClientMetaStateBroadcast GIPCRMIClientMetaStateNoBroadcast GIPCRMIOneClientConnection GIPCRMIOneClientReadWriteNonAtomic GIPCRMIServerMetaStateBroadcast GIPCRMIServerMetaStateNoBroadcast GIPCRMITwoClientConnection GIPCRMITwoClientReadWriteNonAtomic ,A5AccessModifiersMatched A5ExpectedSignatures A5InterfaceAsType A5MnemonicNames A5NamedConstants A5PublicMethodsOverride A5TaggedClassesDefined GIPCRMIStaticArguments ,A5NoCheckstyleWarnings , ,
52,Tue Apr 30 02:55:32 EDT 2024,55,0,Assignment5TwoClientSuite,A5ExpectedCalls A5ExpectedInterfaces A5SpuriousCalls GIPCRMIClientMetaStateBroadcast GIPCRMIClientMetaStateNoBroadcast GIPCRMIOneClientConnection GIPCRMIOneClientReadWriteNonAtomic GIPCRMIServerMetaStateBroadcast GIPCRMIServerMetaStateNoBroadcast GIPCRMITwoClientConnection GIPCRMITwoClientReadWriteNonAtomic ,A5AccessModifiersMatched A5ExpectedSignatures A5InterfaceAsType A5MnemonicNames A5NamedConstants A5PublicMethodsOverride A5TaggedClassesDefined GIPCRMIStaticArguments ,A5NoCheckstyleWarnings , ,
52,Tue Apr 30 02:55:32 EDT 2024,55,0,Assignment5TwoClientSuite,A5ExpectedCalls A5ExpectedInterfaces A5SpuriousCalls GIPCRMIClientMetaStateBroadcast GIPCRMIClientMetaStateNoBroadcast GIPCRMIOneClientConnection GIPCRMIOneClientReadWriteNonAtomic GIPCRMIServerMetaStateBroadcast GIPCRMIServerMetaStateNoBroadcast GIPCRMITwoClientConnection GIPCRMITwoClientReadWriteNonAtomic ,A5AccessModifiersMatched A5ExpectedSignatures A5InterfaceAsType A5MnemonicNames A5NamedConstants A5PublicMethodsOverride A5TaggedClassesDefined GIPCRMIStaticArguments ,A5NoCheckstyleWarnings , ,
53,Tue Apr 30 02:57:05 EDT 2024,55,0,Assignment5OneClientSuite,A5ExpectedCalls A5ExpectedInterfaces A5SpuriousCalls GIPCRMIClientMetaStateBroadcast GIPCRMIClientMetaStateNoBroadcast GIPCRMIOneClientConnection GIPCRMIOneClientReadWriteNonAtomic GIPCRMIServerMetaStateBroadcast GIPCRMIServerMetaStateNoBroadcast GIPCRMITwoClientConnection GIPCRMITwoClientReadWriteNonAtomic ,A5AccessModifiersMatched A5ExpectedSignatures A5InterfaceAsType A5MnemonicNames A5NamedConstants A5PublicMethodsOverride A5TaggedClassesDefined GIPCRMIStaticArguments ,A5NoCheckstyleWarnings , ,
53,Tue Apr 30 02:57:05 EDT 2024,55,0,Assignment5OneClientSuite,A5ExpectedCalls A5ExpectedInterfaces A5SpuriousCalls GIPCRMIClientMetaStateBroadcast GIPCRMIClientMetaStateNoBroadcast GIPCRMIOneClientConnection GIPCRMIOneClientReadWriteNonAtomic GIPCRMIServerMetaStateBroadcast GIPCRMIServerMetaStateNoBroadcast GIPCRMITwoClientConnection GIPCRMITwoClientReadWriteNonAtomic ,A5AccessModifiersMatched A5ExpectedSignatures A5InterfaceAsType A5MnemonicNames A5NamedConstants A5PublicMethodsOverride A5TaggedClassesDefined GIPCRMIStaticArguments ,A5NoCheckstyleWarnings , ,
54,Tue Apr 30 02:57:17 EDT 2024,55,0,A5GeneralStyleSuite,A5ExpectedCalls A5ExpectedInterfaces A5SpuriousCalls GIPCRMIClientMetaStateBroadcast GIPCRMIClientMetaStateNoBroadcast GIPCRMIOneClientConnection GIPCRMIOneClientReadWriteNonAtomic GIPCRMIServerMetaStateBroadcast GIPCRMIServerMetaStateNoBroadcast GIPCRMITwoClientConnection GIPCRMITwoClientReadWriteNonAtomic ,A5AccessModifiersMatched A5ExpectedSignatures A5InterfaceAsType A5MnemonicNames A5NamedConstants A5PublicMethodsOverride A5TaggedClassesDefined GIPCRMIStaticArguments ,A5NoCheckstyleWarnings , ,
54,Tue Apr 30 02:57:17 EDT 2024,55,0,A5GeneralStyleSuite,A5ExpectedCalls A5ExpectedInterfaces A5SpuriousCalls GIPCRMIClientMetaStateBroadcast GIPCRMIClientMetaStateNoBroadcast GIPCRMIOneClientConnection GIPCRMIOneClientReadWriteNonAtomic GIPCRMIServerMetaStateBroadcast GIPCRMIServerMetaStateNoBroadcast GIPCRMITwoClientConnection GIPCRMITwoClientReadWriteNonAtomic ,A5AccessModifiersMatched A5ExpectedSignatures A5InterfaceAsType A5MnemonicNames A5NamedConstants A5PublicMethodsOverride A5TaggedClassesDefined GIPCRMIStaticArguments ,A5NoCheckstyleWarnings , ,
